{
    "colorWName": "red",
    "xPosition": -17.090091705322267,
    "yPosition": 2.1240663528442385,
    "zPosition": 0.0,
    "layer": 0
}

{
    "colorWName": "red",
    "xPosition": -10.06306266784668,
    "yPosition": 2.0983266830444338,
    "zPosition": 0.0,
    "layer": 0
}

{
    "colorWName": "purple",
    "xPosition": -14.696268081665039,
    "yPosition": 6.062290191650391,
    "zPosition": 0.0,
    "layer": 0
}

{
    "colorWName": "purple",
    "xPosition": -12.662805557250977,
    "yPosition": 7.555212497711182,
    "zPosition": 0.0,
    "layer": 0
}

{
    "colorWName": "black",
    "xPosition": -7.231659889221191,
    "yPosition": 6.680051803588867,
    "zPosition": 0.0,
    "layer": 0
}

{
    "colorWName": "black",
    "xPosition": -6.485198020935059,
    "yPosition": 4.209008693695068,
    "zPosition": 0.0,
    "layer": 0
}

{
    "colorWName": "black",
    "xPosition": -17.6563720703125,
    "yPosition": 9.794595718383789,
    "zPosition": 0.0,
    "layer": 0
}

