{
    "colorWName": "black",
    "xPosition": -14.116808891296387,
    "yPosition": 4.259829521179199,
    "zPosition": 0.0,
    "layer": 29
}

{
    "colorWName": "black",
    "xPosition": -15.313389778137207,
    "yPosition": 4.288318634033203,
    "zPosition": 0.0,
    "layer": 30
}

{
    "colorWName": "black",
    "xPosition": -17.849002838134767,
    "yPosition": 3.690028667449951,
    "zPosition": 0.0,
    "layer": 31
}

