{
    "colorWName": "black",
    "xPosition": -8.60875129699707,
    "yPosition": 6.8859710693359379,
    "zPosition": 0.0,
    "layer": 0
}

{
    "colorWName": "black",
    "xPosition": -7.193049907684326,
    "yPosition": 5.058429718017578,
    "zPosition": 0.0,
    "layer": 0
}

