{
    "colorWName": "yellow",
    "xPosition": -13.216217041015625,
    "yPosition": 4.286228656768799,
    "zPosition": 0.0,
    "layer": 3
}

{
    "colorWName": "yellow",
    "xPosition": -7.141570568084717,
    "yPosition": 4.234748363494873,
    "zPosition": 0.0,
    "layer": 4
}

{
    "colorWName": "yellow",
    "xPosition": -9.277990341186524,
    "yPosition": 1.6350059509277344,
    "zPosition": 0.0,
    "layer": 5
}

