{
    "xPosition": -16.716861724853517,
    "yPosition": 6.65431022644043,
    "zPosition": 0.0,
    "layer": 0
}

{
    "xPosition": -12.08365535736084,
    "yPosition": 6.808751106262207,
    "zPosition": 0.0,
    "layer": 0
}

