{
    "xPosition": -14.992279052734375,
    "yPosition": 4.0288286209106449,
    "zPosition": 0.0,
    "layer": 8
}

{
    "xPosition": -14.889318466186524,
    "yPosition": 5.264349937438965,
    "zPosition": 0.0,
    "layer": 9
}

{
    "xPosition": -14.297298431396485,
    "yPosition": 6.216731071472168,
    "zPosition": 0.0,
    "layer": 10
}

