{
    "xPosition": -13.795367240905762,
    "yPosition": 4.569368839263916,
    "zPosition": 0.0,
    "layer": 0
}

{
    "xPosition": -15.777348518371582,
    "yPosition": 6.268210411071777,
    "zPosition": 0.0,
    "layer": 0
}

{
    "xPosition": -11.83912467956543,
    "yPosition": 7.632431983947754,
    "zPosition": 0.0,
    "layer": 0
}

{
    "xPosition": -8.776060104370118,
    "yPosition": 7.606691837310791,
    "zPosition": 0.0,
    "layer": 0
}

{
    "xPosition": -7.489059925079346,
    "yPosition": 4.054568767547607,
    "zPosition": 0.0,
    "layer": 0
}

{
    "xPosition": -10.449163436889649,
    "yPosition": 2.97348690032959,
    "zPosition": 0.0,
    "layer": 0
}

{
    "xPosition": -11.581725120544434,
    "yPosition": 2.535907030105591,
    "zPosition": 0.0,
    "layer": 0
}

