{
    "xPosition": -16.94852066040039,
    "yPosition": 5.212869644165039,
    "zPosition": 0.0,
    "layer": 2
}

