{
    "xPosition": -17.038610458374025,
    "yPosition": 5.9593305587768559,
    "zPosition": 0.0,
    "layer": 0
}

{
    "xPosition": -13.332046508789063,
    "yPosition": 4.955469131469727,
    "zPosition": 0.0,
    "layer": 0
}

